timestamp,cpu_percent,mem_percent,raw_pred,voted_pred,active_sched,switched
1775630170.5092843,1.4,17.4,idle,idle,idle,False
1775630170.5594134,4.3,17.3,idle,idle,idle,False
1775630170.6095042,5.7,17.3,idle,idle,idle,False
1775630170.6596172,5.6,17.3,idle,idle,idle,False
1775630170.7097454,5.6,17.3,idle,idle,idle,False
1775630170.7598703,4.3,17.4,idle,idle,idle,False
1775630170.810007,2.9,17.4,idle,idle,idle,False
1775630170.8601136,4.3,17.4,idle,idle,idle,False
1775630170.9102285,4.3,17.4,idle,idle,idle,False
1775630170.960361,2.9,17.4,idle,idle,idle,False
1775630171.0106823,6.9,17.4,idle,idle,idle,False
1775630171.0609171,2.9,17.4,idle,idle,idle,False
1775630171.1110358,2.9,17.4,idle,idle,idle,False
1775630171.1611001,11.4,17.4,idle,idle,idle,False
1775630171.2116008,9.6,17.4,idle,idle,idle,False
1775630171.261754,5.7,17.4,idle,idle,idle,False
1775630171.311958,7.0,17.4,idle,idle,idle,False
1775630171.3620949,8.5,17.4,idle,idle,idle,False
1775630171.4122777,9.6,17.4,idle,idle,idle,False
1775630171.4624274,7.1,17.4,idle,idle,idle,False
1775630171.51388,5.6,17.4,idle,idle,idle,False
1775630171.5640702,9.7,17.4,idle,idle,idle,False
1775630171.6143034,5.7,17.4,idle,idle,idle,False
1775630171.6654449,6.9,17.4,idle,idle,idle,False
1775630171.720027,7.7,17.4,idle,idle,idle,False
1775630171.770335,5.7,17.4,idle,idle,idle,False
1775630171.8204885,5.7,17.4,idle,idle,idle,False
1775630171.8956432,5.8,17.4,idle,idle,idle,False
1775630171.9459226,5.7,17.4,idle,idle,idle,False
1775630171.9960666,6.9,17.4,idle,idle,idle,False
1775630172.0463145,4.3,17.4,idle,idle,idle,False
1775630172.096476,5.6,17.4,idle,idle,idle,False
1775630172.14673,2.9,17.4,idle,idle,idle,False
1775630172.1968915,5.6,17.4,idle,idle,idle,False
1775630172.2470171,2.9,17.4,idle,idle,idle,False
1775630172.2972078,4.2,17.4,idle,idle,idle,False
1775630172.3474627,4.3,17.4,idle,idle,idle,False
1775630172.397678,4.3,17.4,idle,idle,idle,False
1775630172.447861,2.9,17.4,idle,idle,idle,False
1775630172.4981003,6.9,17.4,idle,idle,idle,False
1775630172.5484457,4.3,17.4,idle,idle,idle,False
1775630172.5988753,4.3,17.4,idle,idle,idle,False
1775630172.6490636,2.9,17.4,idle,idle,idle,False
1775630172.6992111,6.9,17.4,idle,idle,idle,False
1775630172.7494078,4.3,17.4,idle,idle,idle,False
1775630172.7996116,5.7,17.3,idle,idle,idle,False
1775630172.8498473,4.3,17.3,idle,idle,idle,False
1775630172.900007,5.6,17.3,idle,idle,idle,False
1775630172.9502683,2.9,17.4,idle,idle,idle,False
1775630173.0005078,2.9,17.4,idle,idle,idle,False
1775630173.0507576,2.9,17.4,idle,idle,idle,False
1775630173.1009765,4.2,17.4,idle,idle,idle,False
1775630173.1511855,5.7,17.4,idle,idle,idle,False
1775630173.2013762,7.2,17.4,idle,idle,idle,False
1775630173.2517316,5.6,17.4,idle,idle,idle,False
1775630173.3019528,1.5,17.4,idle,idle,idle,False
1775630173.352236,4.3,17.4,idle,idle,idle,False
1775630173.402454,5.6,17.4,idle,idle,idle,False
1775630173.4526362,1.5,17.4,idle,idle,idle,False
1775630173.5027516,4.3,17.4,idle,idle,idle,False
1775630173.5528977,5.6,17.4,idle,idle,idle,False
1775630173.6030164,2.9,17.4,idle,idle,idle,False
1775630173.6531672,5.6,17.4,idle,idle,idle,False
1775630173.703317,4.3,17.4,idle,idle,idle,False
1775630173.7534695,4.2,17.4,idle,idle,idle,False
1775630173.8036342,2.9,17.4,idle,idle,idle,False
1775630173.8537908,6.9,17.4,idle,idle,idle,False
1775630173.9039311,2.9,17.4,idle,idle,idle,False
1775630173.9540753,2.9,17.4,idle,idle,idle,False
1775630174.0042608,6.9,17.4,idle,idle,idle,False
1775630174.0544357,2.9,17.4,idle,idle,idle,False
1775630174.104606,2.9,17.4,idle,idle,idle,False
1775630174.1547167,4.3,17.4,idle,idle,idle,False
1775630174.2048306,8.3,17.4,idle,idle,idle,False
1775630174.2550027,6.9,17.4,idle,idle,idle,False
1775630174.305124,1.5,17.4,idle,idle,idle,False
1775630174.3554184,4.2,17.4,idle,idle,idle,False
1775630174.4057796,6.9,17.4,idle,idle,idle,False
1775630174.4560158,2.9,17.4,idle,idle,idle,False
1775630174.5061896,2.9,17.4,idle,idle,idle,False
1775630174.5565212,5.7,17.4,idle,idle,idle,False
1775630174.6066737,6.9,17.4,idle,idle,idle,False
1775630174.656818,4.2,17.4,idle,idle,idle,False
1775630174.7069194,4.3,17.4,idle,idle,idle,False
1775630174.7570834,4.2,17.4,idle,idle,idle,False
1775630174.8071964,8.2,17.4,idle,idle,idle,False
1775630174.857367,2.9,17.4,idle,idle,idle,False
1775630174.9075058,10.7,17.4,idle,idle,idle,False
1775630174.957682,5.6,17.4,idle,idle,idle,False
1775630175.0078263,4.2,17.4,idle,idle,idle,False
1775630175.0579402,4.3,17.4,idle,idle,idle,False
1775630175.1081028,4.3,17.4,idle,idle,idle,False
1775630175.1583068,5.6,17.4,idle,idle,idle,False
1775630175.208496,7.0,17.4,idle,idle,idle,False
1775630175.258655,5.7,17.4,idle,idle,idle,False
1775630175.3088062,8.2,17.3,idle,idle,idle,False
1775630175.3589292,4.3,17.3,idle,idle,idle,False
1775630175.4090815,2.9,17.4,idle,idle,idle,False
1775630175.4595032,5.6,17.4,idle,idle,idle,False
1775630175.509755,4.3,17.4,idle,idle,idle,False
1775630175.5598867,5.6,17.4,idle,idle,idle,False
1775630175.6100352,5.6,17.4,idle,idle,idle,False
1775630175.6602,6.9,17.4,idle,idle,idle,False
1775630175.7103353,5.6,17.4,idle,idle,idle,False
1775630175.760489,4.2,17.4,idle,idle,idle,False
1775630175.8107574,2.9,17.4,idle,idle,idle,False
1775630175.8609006,5.6,17.4,idle,idle,idle,False
1775630175.9110441,8.2,17.4,idle,idle,idle,False
1775630175.9612339,2.9,17.4,idle,idle,idle,False
1775630176.0113626,5.6,17.4,idle,idle,idle,False
1775630176.0614927,4.2,17.4,idle,idle,idle,False
1775630176.1116738,4.3,17.4,idle,idle,idle,False
1775630176.161826,4.2,17.4,idle,idle,idle,False
1775630176.2119799,4.3,17.4,idle,idle,idle,False
1775630176.2621753,2.9,17.4,idle,idle,idle,False
1775630176.3123279,4.3,17.4,idle,idle,idle,False
1775630176.3624728,5.6,17.4,idle,idle,idle,False
1775630176.4125814,4.3,17.4,idle,idle,idle,False
1775630176.4627123,6.9,17.4,idle,idle,idle,False
1775630176.5128117,2.9,17.4,idle,idle,idle,False
1775630176.5629537,2.9,17.4,idle,idle,idle,False
1775630176.6131084,5.6,17.4,idle,idle,idle,False
1775630176.66325,4.3,17.4,idle,idle,idle,False
1775630176.7133384,8.3,17.4,idle,idle,idle,False
1775630176.7634423,4.3,17.4,idle,idle,idle,False
1775630176.8135831,5.6,17.4,idle,idle,idle,False
1775630176.863738,2.9,17.4,idle,idle,idle,False
1775630176.9336264,6.2,17.4,idle,idle,idle,False
1775630176.9838512,8.3,17.4,idle,idle,idle,False
1775630177.0339894,2.9,17.4,idle,idle,idle,False
1775630177.0841153,5.7,17.4,idle,idle,idle,False
1775630177.1342554,5.6,17.4,idle,idle,idle,False
1775630177.184366,5.7,17.4,idle,idle,idle,False
1775630177.2344918,12.3,17.4,idle,idle,idle,False
1775630177.2846425,7.1,17.4,idle,idle,idle,False
1775630177.3348644,4.3,17.4,idle,idle,idle,False
1775630177.3850229,4.2,17.4,idle,idle,idle,False
1775630177.4351995,4.3,17.4,idle,idle,idle,False
1775630177.4853537,4.3,17.4,idle,idle,idle,False
1775630177.5354722,4.3,17.4,idle,idle,idle,False
1775630177.5855706,2.9,17.4,idle,idle,idle,False
1775630177.6356735,6.9,17.4,idle,idle,idle,False
1775630177.685812,5.7,17.4,idle,idle,idle,False
1775630177.7362058,5.6,17.4,idle,idle,idle,False
1775630177.786365,8.5,17.4,idle,idle,idle,False
1775630177.8366327,5.7,17.4,idle,idle,idle,False
1775630177.8867552,2.9,17.4,idle,idle,idle,False
1775630177.9369204,2.9,17.4,idle,idle,idle,False
1775630177.9870777,9.6,17.4,idle,idle,idle,False
1775630178.0371873,7.1,17.4,idle,idle,idle,False
1775630178.0873134,5.7,17.4,idle,idle,idle,False
1775630178.1373932,6.9,17.4,idle,idle,idle,False
1775630178.1875265,7.0,17.4,idle,idle,idle,False
1775630178.2376502,1.4,17.4,idle,idle,idle,False
1775630178.2877078,4.3,17.4,idle,idle,idle,False
1775630178.3378258,4.2,17.4,idle,idle,idle,False
1775630178.3879466,4.3,17.4,idle,idle,idle,False
1775630178.4380715,4.3,17.4,idle,idle,idle,False
1775630178.4882624,4.3,17.4,idle,idle,idle,False
1775630178.5384617,5.6,17.4,idle,idle,idle,False
1775630178.5886412,5.6,17.4,idle,idle,idle,False
1775630178.638751,4.3,17.4,idle,idle,idle,False
1775630178.6889472,5.6,17.4,idle,idle,idle,False
1775630178.73908,2.9,17.4,idle,idle,idle,False
1775630178.7892268,2.9,17.4,idle,idle,idle,False
1775630178.8393426,8.5,17.4,idle,idle,idle,False
1775630178.889472,5.7,17.4,idle,idle,idle,False
1775630178.9395819,7.0,17.4,idle,idle,idle,False
1775630178.9930847,9.1,17.4,idle,idle,idle,False
1775630179.043249,7.0,17.4,idle,idle,idle,False
1775630179.094044,4.3,17.4,idle,idle,idle,False
1775630179.144188,7.1,17.4,idle,idle,idle,False
1775630179.1943707,5.7,17.4,idle,idle,idle,False
1775630179.2445378,7.0,17.4,idle,idle,idle,False
1775630179.2946413,11.3,17.4,idle,idle,idle,False
1775630179.344875,2.9,17.4,idle,idle,idle,False
1775630179.3950105,6.9,17.4,idle,idle,idle,False
1775630179.4451869,2.9,17.4,idle,idle,idle,False
1775630179.4953904,5.6,17.4,idle,idle,idle,False
1775630179.5455947,8.5,17.4,idle,idle,idle,False
1775630179.5988193,2.7,17.3,idle,idle,idle,False
1775630179.6489449,5.7,17.3,idle,idle,idle,False
1775630179.6990473,4.3,17.3,idle,idle,idle,False
1775630179.7492115,6.9,17.3,idle,idle,idle,False
1775630179.7993925,5.7,17.3,idle,idle,idle,False
1775630179.8495789,5.6,17.3,idle,idle,idle,False
1775630179.8997777,4.3,17.3,idle,idle,idle,False
1775630179.9499743,4.3,17.3,idle,idle,idle,False
1775630180.0001404,4.3,17.3,idle,idle,idle,False
1775630180.0503218,5.6,17.3,idle,idle,idle,False
1775630180.1005442,5.6,17.3,idle,idle,idle,False
1775630180.1506407,4.3,17.3,idle,idle,idle,False
1775630180.20083,4.3,17.3,idle,idle,idle,False
1775630180.2509577,4.3,17.3,idle,idle,idle,False
1775630180.3011394,2.9,17.3,idle,idle,idle,False
1775630180.3512602,4.3,17.3,idle,idle,idle,False
1775630180.401446,6.8,17.3,idle,idle,idle,False
1775630180.4515793,4.3,17.3,idle,idle,idle,False
1775630180.5017173,1.4,17.4,idle,idle,idle,False
1775630180.5518425,8.3,17.4,idle,idle,idle,False
1775630180.6020195,6.9,17.3,idle,idle,idle,False
1775630180.652201,2.9,17.4,idle,idle,idle,False
1775630180.702355,5.6,17.4,idle,idle,idle,False
1775630180.7525122,4.3,17.4,idle,idle,idle,False
1775630180.8026807,5.6,17.4,idle,idle,idle,False
1775630180.852848,2.9,17.4,idle,idle,idle,False
1775630180.9029615,4.3,17.4,idle,idle,idle,False
1775630180.953156,6.9,17.4,idle,idle,idle,False
1775630181.0033035,4.3,17.4,idle,idle,idle,False
1775630181.053485,4.3,17.3,idle,idle,idle,False
1775630181.1036465,4.3,17.4,idle,idle,idle,False
1775630181.1538196,2.9,17.4,idle,idle,idle,False
1775630181.2040215,6.9,17.4,idle,idle,idle,False
1775630181.2541847,6.9,17.4,idle,idle,idle,False
1775630181.3043456,4.3,17.4,idle,idle,idle,False
1775630181.358551,11.8,17.4,idle,idle,idle,False
1775630181.4089148,8.3,17.4,idle,idle,idle,False
1775630181.4590726,2.9,17.4,idle,idle,idle,False
1775630181.5092266,5.6,17.4,idle,idle,idle,False
1775630181.5594282,4.3,17.4,idle,idle,idle,False
1775630181.6239643,5.6,17.4,idle,idle,idle,False
1775630181.6741002,6.9,17.4,idle,idle,idle,False
1775630181.7242715,5.6,17.4,idle,idle,idle,False
1775630181.7743952,9.6,17.4,idle,idle,idle,False
1775630181.8245609,8.5,17.4,idle,idle,idle,False
1775630181.8746915,7.0,17.4,idle,idle,idle,False
1775630181.9248521,7.0,17.4,idle,idle,idle,False
1775630181.9749877,5.7,17.4,idle,idle,idle,False
1775630182.0251896,5.6,17.4,idle,idle,idle,False
1775630182.075322,5.7,17.4,idle,idle,idle,False
1775630182.1254406,4.3,17.4,idle,idle,idle,False
1775630182.1756186,5.6,17.4,idle,idle,idle,False
1775630182.2257776,7.0,17.4,idle,idle,idle,False
1775630182.2759416,5.6,17.4,idle,idle,idle,False
1775630182.3464856,8.0,17.4,idle,idle,idle,False
1775630182.3966157,8.3,17.4,idle,idle,idle,False
1775630182.4469798,2.9,17.4,idle,idle,idle,False
1775630182.4971254,4.3,17.4,idle,idle,idle,False
1775630182.547238,9.6,17.4,idle,idle,idle,False
1775630182.5974317,4.3,17.4,idle,idle,idle,False
1775630182.6475828,9.6,17.4,idle,idle,idle,False
1775630182.7015598,7.9,17.4,idle,idle,idle,False
1775630182.7516737,5.8,17.4,idle,idle,idle,False
1775630182.8018677,5.6,17.4,idle,idle,idle,False
1775630182.852028,6.9,17.4,idle,idle,idle,False
1775630182.9022222,4.3,17.4,idle,idle,idle,False
1775630182.952401,5.7,17.4,idle,idle,idle,False
1775630183.0026164,6.9,17.4,idle,idle,idle,False
1775630183.0527122,7.0,17.4,idle,idle,idle,False
1775630183.1028683,4.3,17.4,idle,idle,idle,False
1775630183.1530724,6.9,17.4,idle,idle,idle,False
1775630183.2031887,5.7,17.4,idle,idle,idle,False
1775630183.2533529,4.3,17.4,idle,idle,idle,False
1775630183.3034747,5.7,17.4,idle,idle,idle,False
1775630183.3535845,8.5,17.4,idle,idle,idle,False
1775630183.4114604,8.8,17.4,idle,idle,idle,False
1775630183.4617028,9.7,17.4,idle,idle,idle,False
1775630183.5117803,9.7,17.4,idle,idle,idle,False
1775630183.5619154,5.7,17.4,idle,idle,idle,False
1775630183.612048,7.0,17.4,idle,idle,idle,False
1775630183.6621938,5.7,17.4,idle,idle,idle,False
1775630183.7123206,5.8,17.4,idle,idle,idle,False
1775630183.762435,9.7,17.4,idle,idle,idle,False
1775630183.8126454,5.7,17.4,idle,idle,idle,False
1775630183.862881,5.6,17.4,idle,idle,idle,False
1775630183.9130678,8.5,17.4,idle,idle,idle,False
1775630183.9632041,5.6,17.4,idle,idle,idle,False
1775630184.0133612,4.3,17.4,idle,idle,idle,False
1775630184.0635326,6.9,17.4,idle,idle,idle,False
1775630184.1136775,5.6,17.4,idle,idle,idle,False
1775630184.1638205,2.9,17.4,idle,idle,idle,False
1775630184.2139814,5.6,17.4,idle,idle,idle,False
1775630184.2640972,5.6,17.4,idle,idle,idle,False
1775630184.3142416,5.6,17.3,idle,idle,idle,False
1775630184.364662,8.3,17.3,idle,idle,idle,False
1775630184.4147742,5.6,17.4,idle,idle,idle,False
1775630184.464938,5.7,17.4,idle,idle,idle,False
1775630184.515079,5.6,17.4,idle,idle,idle,False
1775630184.5652168,12.5,17.4,idle,idle,idle,False
1775630184.6153877,2.9,17.4,idle,idle,idle,False
1775630184.665513,6.9,17.4,idle,idle,idle,False
1775630184.715652,8.2,17.4,idle,idle,idle,False
1775630184.7658203,4.3,17.4,idle,idle,idle,False
1775630184.815969,5.6,17.4,idle,idle,idle,False
1775630184.866192,7.1,17.4,idle,idle,idle,False
1775630184.95122,6.8,17.4,idle,idle,idle,False
1775630185.0013397,4.3,17.4,idle,idle,idle,False
1775630185.0514636,7.0,17.4,idle,idle,idle,False
1775630185.1016526,6.9,17.4,idle,idle,idle,False
1775630185.1554973,6.7,17.4,idle,idle,idle,False
1775630185.2056026,8.5,17.4,idle,idle,idle,False
1775630185.259326,4.1,17.4,idle,idle,idle,False
1775630185.309434,8.3,17.4,idle,idle,idle,False
1775630185.3595088,1.5,17.4,idle,idle,idle,False
1775630185.4096951,9.9,17.4,idle,idle,idle,False
1775630185.4599552,7.1,17.4,idle,idle,idle,False
1775630185.5100818,5.7,17.4,idle,idle,idle,False
1775630185.560207,7.0,17.4,idle,idle,idle,False
1775630185.6103127,8.3,17.4,idle,idle,idle,False
1775630185.6605384,4.3,17.4,idle,idle,idle,False
1775630185.7107406,6.9,17.4,idle,idle,idle,False
1775630185.760902,4.3,17.4,idle,idle,idle,False
1775630185.811039,4.3,17.4,idle,idle,idle,False
1775630185.8611698,6.9,17.4,idle,idle,idle,False
1775630185.9113166,4.3,17.4,idle,idle,idle,False
1775630185.9614253,5.7,17.4,idle,idle,idle,False
1775630186.0115473,5.7,17.4,idle,idle,idle,False
1775630186.0617065,7.0,17.4,idle,idle,idle,False
1775630186.1118288,5.7,17.4,idle,idle,idle,False
1775630186.1619802,2.9,17.4,idle,idle,idle,False
1775630186.2121034,7.0,17.4,idle,idle,idle,False
1775630186.26226,5.7,17.4,idle,idle,idle,False
1775630186.3123848,8.3,17.4,idle,idle,idle,False
1775630186.362542,8.3,17.4,idle,idle,idle,False
1775630186.4126573,8.3,17.4,idle,idle,idle,False
1775630186.462755,8.5,17.4,idle,idle,idle,False
1775630186.5128832,5.6,17.4,idle,idle,idle,False
1775630186.563427,5.6,17.4,idle,idle,idle,False
1775630186.613558,7.0,17.4,idle,idle,idle,False
1775630186.6662626,6.8,17.4,idle,idle,idle,False
1775630186.721714,5.3,17.4,idle,idle,idle,False
1775630186.7796235,7.3,17.4,idle,idle,idle,False
1775630186.8374877,7.4,17.4,idle,idle,idle,False
1775630186.892189,9.0,17.4,idle,idle,idle,False
1775630186.9423885,7.0,17.4,idle,idle,idle,False
1775630186.9925222,4.3,17.4,idle,idle,idle,False
1775630187.0426297,5.7,17.4,idle,idle,idle,False
1775630187.0970888,7.9,17.4,idle,idle,idle,False
1775630187.1472912,8.3,17.4,idle,idle,idle,False
1775630187.1974182,3.0,17.4,idle,idle,idle,False
1775630187.2475598,4.3,17.4,idle,idle,idle,False
1775630187.2976708,5.7,17.4,idle,idle,idle,False
1775630187.3478017,5.8,17.4,idle,idle,idle,False
1775630187.3979418,4.3,17.4,idle,idle,idle,False
1775630187.4480515,9.9,17.4,idle,idle,idle,False
1775630187.4982216,7.1,17.4,idle,idle,idle,False
1775630187.5483205,8.3,17.4,idle,idle,idle,False
1775630187.59845,8.3,17.4,idle,idle,idle,False
1775630187.6762843,7.3,17.4,idle,idle,idle,False
1775630187.7264626,7.0,17.4,idle,idle,idle,False
1775630187.7766361,4.3,17.4,idle,idle,idle,False
1775630187.8267531,4.3,17.4,idle,idle,idle,False
1775630187.8769221,8.2,17.4,idle,idle,idle,False
1775630187.9270372,2.9,17.4,idle,idle,idle,False
1775630187.9771688,8.3,17.4,idle,idle,idle,False
1775630188.027542,5.7,17.4,idle,idle,idle,False
1775630188.0777762,9.5,17.4,idle,idle,idle,False
1775630188.1297874,6.9,17.4,idle,idle,idle,False
1775630188.184754,6.5,17.4,idle,idle,idle,False
1775630188.234838,8.2,17.4,idle,idle,idle,False
1775630188.2849686,7.0,17.4,idle,idle,idle,False
1775630188.3350954,2.9,17.4,idle,idle,idle,False
1775630188.3851888,5.7,17.4,idle,idle,idle,False
1775630188.435308,8.3,17.4,idle,idle,idle,False
1775630188.4854348,5.7,17.4,idle,idle,idle,False
1775630188.5355752,7.0,17.4,idle,idle,idle,False
1775630188.5856886,5.7,17.4,idle,idle,idle,False
1775630188.63589,4.3,17.4,idle,idle,idle,False
1775630188.686141,6.9,17.4,idle,idle,idle,False
1775630188.736247,7.1,17.4,idle,idle,idle,False
1775630188.786385,5.6,17.4,idle,idle,idle,False
1775630188.836546,2.9,17.4,idle,idle,idle,False
1775630188.8867223,4.3,17.4,idle,idle,idle,False
1775630188.9368517,5.6,17.4,idle,idle,idle,False
1775630188.9869668,7.0,17.4,idle,idle,idle,False
1775630189.037074,7.1,17.4,idle,idle,idle,False
1775630189.0900314,7.9,17.4,idle,idle,idle,False
1775630189.1438515,6.8,17.4,idle,idle,idle,False
1775630189.1990612,6.5,17.4,idle,idle,idle,False
1775630189.249211,4.3,17.4,idle,idle,idle,False
1775630189.303683,6.6,17.4,idle,idle,idle,False
1775630189.3539712,5.7,17.4,idle,idle,idle,False
1775630189.4078827,5.3,17.4,idle,idle,idle,False
1775630189.4607897,6.8,17.4,idle,idle,idle,False
1775630189.510817,14.1,17.4,idle,idle,idle,False
1775630189.563537,9.6,17.4,idle,idle,idle,False
1775630189.6136842,8.2,17.4,idle,idle,idle,False
1775630189.6638658,5.6,17.4,idle,idle,idle,False
1775630189.7139697,5.7,17.4,idle,idle,idle,False
1775630189.7640584,5.7,17.4,idle,idle,idle,False
1775630189.8142092,5.7,17.4,idle,idle,idle,False
1775630189.8643298,8.5,17.4,idle,idle,idle,False
1775630189.9144797,5.8,17.4,idle,idle,idle,False
1775630189.9647331,5.7,17.4,idle,idle,idle,False
1775630190.0148823,7.0,17.4,idle,idle,idle,False
1775630190.0651107,2.9,17.4,idle,idle,idle,False
1775630190.1177044,6.8,17.4,idle,idle,idle,False
1775630190.1678884,4.3,17.4,idle,idle,idle,False
1775630190.2179966,7.0,17.4,idle,idle,idle,False
1775630190.2681673,5.7,17.4,idle,idle,idle,False
1775630190.3182702,4.3,17.4,idle,idle,idle,False
1775630190.372333,6.6,17.4,idle,idle,idle,False
1775630190.422461,7.1,17.4,idle,idle,idle,False
1775630190.4726439,4.3,17.4,idle,idle,idle,False
1775630190.52272,5.7,17.4,idle,idle,idle,False
1775630190.5728257,5.8,17.4,idle,idle,idle,False
1775630190.623131,5.6,17.4,idle,idle,idle,False
1775630190.673317,7.0,17.4,idle,idle,idle,False
1775630190.7234316,7.1,17.4,idle,idle,idle,False
1775630190.7761102,4.1,17.4,idle,idle,idle,False
1775630190.8262296,4.3,17.4,idle,idle,idle,False
1775630190.8763804,8.5,17.4,idle,idle,idle,False
1775630190.926535,8.3,17.4,idle,idle,idle,False
1775630190.976665,5.7,17.4,idle,idle,idle,False
1775630191.0267901,5.7,17.4,idle,idle,idle,False
1775630191.0769582,2.9,17.4,idle,idle,idle,False
1775630191.1271117,5.7,17.4,idle,idle,idle,False
1775630191.177204,5.7,17.4,idle,idle,idle,False
1775630191.2273736,8.3,17.4,idle,idle,idle,False
1775630191.277447,5.7,17.4,idle,idle,idle,False
1775630191.3276074,8.3,17.4,idle,idle,idle,False
1775630191.377834,5.7,17.4,idle,idle,idle,False
1775630191.4279652,2.9,17.4,idle,idle,idle,False
1775630191.4780552,7.0,17.4,idle,idle,idle,False
1775630191.528206,8.5,17.4,idle,idle,idle,False
1775630191.578292,13.9,17.4,idle,idle,idle,False
1775630191.6283996,7.0,17.4,idle,idle,idle,False
1775630191.678589,5.6,17.4,idle,idle,idle,False
1775630191.728794,4.3,17.4,idle,idle,idle,False
1775630191.779014,5.7,17.4,idle,idle,idle,False
1775630191.8291178,4.3,17.4,idle,idle,idle,False
1775630191.8793004,4.3,17.4,idle,idle,idle,False
1775630191.929387,7.0,17.4,idle,idle,idle,False
1775630191.9794915,4.3,17.4,idle,idle,idle,False
1775630192.029608,6.9,17.4,idle,idle,idle,False
1775630192.0797346,4.3,17.4,idle,idle,idle,False
1775630192.129879,4.3,17.4,idle,idle,idle,False
1775630192.1800141,4.3,17.4,idle,idle,idle,False
1775630192.2301548,7.0,17.4,idle,idle,idle,False
1775630192.2802975,7.0,17.4,idle,idle,idle,False
1775630192.3306258,4.3,17.4,idle,idle,idle,False
1775630192.3807664,8.3,17.4,idle,idle,idle,False
1775630192.4323893,4.3,17.4,idle,idle,idle,False
1775630192.4825869,9.6,17.4,idle,idle,idle,False
1775630192.5327427,5.6,17.4,idle,idle,idle,False
1775630192.5828488,5.8,17.4,idle,idle,idle,False
1775630192.6329684,4.3,17.4,idle,idle,idle,False
1775630192.6831114,4.4,17.4,idle,idle,idle,False
1775630192.7332327,2.9,17.4,idle,idle,idle,False
1775630192.7833667,7.0,17.4,idle,idle,idle,False
1775630192.8335104,4.3,17.4,idle,idle,idle,False
1775630192.8836846,9.6,17.4,idle,idle,idle,False
1775630192.9337754,4.3,17.4,idle,idle,idle,False
1775630192.9839225,9.6,17.4,idle,idle,idle,False
1775630193.0340378,4.3,17.4,idle,idle,idle,False
1775630193.0841944,8.5,17.4,idle,idle,idle,False
1775630193.1343262,5.6,17.4,idle,idle,idle,False
1775630193.1844668,7.1,17.4,idle,idle,idle,False
1775630193.234611,8.2,17.4,idle,idle,idle,False
1775630193.284773,2.9,17.4,idle,idle,idle,False
1775630193.3349273,4.3,17.4,idle,idle,idle,False
1775630193.3850458,5.6,17.4,idle,idle,idle,False
1775630193.435186,8.3,17.4,idle,idle,idle,False
1775630193.4853325,6.9,17.4,idle,idle,idle,False
1775630193.5354223,4.3,17.4,idle,idle,idle,False
1775630193.5854933,9.7,17.4,idle,idle,idle,False
1775630193.6361911,8.6,17.4,idle,idle,idle,False
1775630193.6863546,2.9,17.4,idle,idle,idle,False
1775630193.736548,4.3,17.4,idle,idle,idle,False
1775630193.786661,5.7,17.4,idle,idle,idle,False
1775630193.8367982,5.6,17.4,idle,idle,idle,False
1775630193.8869271,5.7,17.4,idle,idle,idle,False
1775630193.9370325,5.7,17.4,idle,idle,idle,False
1775630193.987135,5.6,17.4,idle,idle,idle,False
1775630194.0372884,2.9,17.4,idle,idle,idle,False
1775630194.0874052,4.3,17.4,idle,idle,idle,False
1775630194.1377509,4.2,17.4,idle,idle,idle,False
1775630194.188041,1.5,17.4,idle,idle,idle,False
1775630194.2575517,8.2,17.4,idle,idle,idle,False
1775630194.3076756,7.0,17.4,idle,idle,idle,False
1775630194.3578126,6.9,17.4,idle,idle,idle,False
1775630194.4079525,4.3,17.4,idle,idle,idle,False
1775630194.4580672,2.9,17.4,idle,idle,idle,False
1775630194.5081646,5.6,17.4,idle,idle,idle,False
1775630194.5583444,5.8,17.4,idle,idle,idle,False
1775630194.6084955,5.6,17.4,idle,idle,idle,False
1775630194.6586514,5.6,17.4,idle,idle,idle,False
1775630194.708752,2.9,17.4,idle,idle,idle,False
1775630194.7588863,4.3,17.4,idle,idle,idle,False
1775630194.8089898,4.3,17.4,idle,idle,idle,False
1775630194.8590932,2.9,17.4,idle,idle,idle,False
1775630194.9092052,4.3,17.4,idle,idle,idle,False
1775630194.959298,4.2,17.4,idle,idle,idle,False
1775630195.0094423,4.3,17.4,idle,idle,idle,False
1775630195.059589,5.6,17.4,idle,idle,idle,False
1775630195.1097221,4.3,17.4,idle,idle,idle,False
1775630195.159874,6.9,17.4,idle,idle,idle,False
1775630195.2099884,6.9,17.4,idle,idle,idle,False
1775630195.2601051,5.6,17.4,idle,idle,idle,False
1775630195.310248,7.0,17.4,idle,idle,idle,False
1775630195.360367,2.9,17.4,idle,idle,idle,False
1775630195.4105895,2.9,17.4,idle,idle,idle,False
1775630195.4606998,2.9,17.4,idle,idle,idle,False
1775630195.5108097,5.6,17.4,idle,idle,idle,False
1775630195.5609558,5.6,17.4,idle,idle,idle,False
1775630195.6110928,5.6,17.4,idle,idle,idle,False
1775630195.6612346,11.3,17.4,idle,idle,idle,False
1775630195.712115,5.6,17.4,idle,idle,idle,False
1775630195.7623243,4.3,17.4,idle,idle,idle,False
1775630195.8124318,8.2,17.4,idle,idle,idle,False
1775630195.8626268,8.2,17.4,idle,idle,idle,False
1775630195.9127839,4.3,17.4,idle,idle,idle,False
1775630195.9628909,4.3,17.4,idle,idle,idle,False
1775630196.0130725,5.6,17.4,idle,idle,idle,False
1775630196.0632153,5.6,17.4,idle,idle,idle,False
1775630196.113324,4.3,17.4,idle,idle,idle,False
1775630196.16349,2.9,17.4,idle,idle,idle,False
1775630196.2135956,6.9,17.4,idle,idle,idle,False
1775630196.263719,1.5,17.4,idle,idle,idle,False
1775630196.3138664,4.3,17.4,idle,idle,idle,False
1775630196.364034,2.9,17.4,idle,idle,idle,False
1775630196.4141414,5.6,17.4,idle,idle,idle,False
1775630196.4642422,4.3,17.4,idle,idle,idle,False
1775630196.5143936,6.8,17.4,idle,idle,idle,False
1775630196.5645409,8.3,17.4,idle,idle,idle,False
1775630196.6146042,2.9,17.4,idle,idle,idle,False
1775630196.664756,6.9,17.4,idle,idle,idle,False
1775630196.7148826,2.9,17.4,idle,idle,idle,False
1775630196.7649977,4.3,17.4,idle,idle,idle,False
1775630196.8151262,2.9,17.4,idle,idle,idle,False
1775630196.8653169,5.6,17.4,idle,idle,idle,False
1775630196.915444,2.9,17.4,idle,idle,idle,False
1775630196.9655926,4.2,17.4,idle,idle,idle,False
1775630197.0159152,6.9,17.4,idle,idle,idle,False
1775630197.066057,5.6,17.4,idle,idle,idle,False
1775630197.1162212,4.2,17.4,idle,idle,idle,False
1775630197.1663637,2.9,17.4,idle,idle,idle,False
1775630197.216565,4.3,17.4,idle,idle,idle,False
1775630197.266663,5.6,17.4,idle,idle,idle,False
1775630197.3167455,4.3,17.4,idle,idle,idle,False
1775630197.3668551,4.3,17.4,idle,idle,idle,False
1775630197.417017,6.9,17.4,idle,idle,idle,False
1775630197.467142,2.9,17.4,idle,idle,idle,False
1775630197.5172288,5.6,17.4,idle,idle,idle,False
1775630197.5673301,2.9,17.4,idle,idle,idle,False
1775630197.6174278,5.6,17.4,idle,idle,idle,False
1775630197.6675162,7.1,17.4,idle,idle,idle,False
1775630197.717634,5.8,17.5,idle,idle,idle,False
1775630197.767785,4.3,17.5,idle,idle,idle,False
1775630197.8179069,2.9,17.5,idle,idle,idle,False
1775630197.8680704,5.6,17.5,idle,idle,idle,False
1775630197.9181476,8.2,17.5,idle,idle,idle,False
1775630197.9683034,4.3,17.5,idle,idle,idle,False
1775630198.0184112,5.6,17.5,idle,idle,idle,False
1775630198.0685234,4.3,17.5,idle,idle,idle,False
1775630198.1186078,4.3,17.5,idle,idle,idle,False
1775630198.1687434,5.6,17.5,idle,idle,idle,False
1775630198.2188737,2.9,17.5,idle,idle,idle,False
1775630198.269004,2.9,17.5,idle,idle,idle,False
1775630198.319144,5.6,17.5,idle,idle,idle,False
1775630198.369268,4.3,17.5,idle,idle,idle,False
1775630198.419413,5.6,17.5,idle,idle,idle,False
1775630198.4695585,4.2,17.5,idle,idle,idle,False
1775630198.5196664,4.3,17.5,idle,idle,idle,False
1775630198.5699465,4.3,17.5,idle,idle,idle,False
1775630198.6201541,2.9,17.5,idle,idle,idle,False
1775630198.6864643,5.4,17.5,idle,idle,idle,False
1775630198.7365885,8.3,17.5,idle,idle,idle,False
1775630198.7867756,5.6,17.5,idle,idle,idle,False
1775630198.8369007,6.9,17.5,idle,idle,idle,False
1775630198.8870115,2.9,17.4,idle,idle,idle,False
1775630198.9371548,2.9,17.4,idle,idle,idle,False
1775630198.987314,5.6,17.4,idle,idle,idle,False
1775630199.0374436,4.3,17.5,idle,idle,idle,False
1775630199.0875897,2.9,17.4,idle,idle,idle,False
1775630199.1377547,4.2,17.4,idle,idle,idle,False
1775630199.1878343,7.0,17.4,idle,idle,idle,False
1775630199.2379901,2.9,17.4,idle,idle,idle,False
1775630199.288158,2.9,17.4,idle,idle,idle,False
1775630199.338288,4.3,17.4,idle,idle,idle,False
1775630199.3884037,2.9,17.4,idle,idle,idle,False
1775630199.438468,4.3,17.4,idle,idle,idle,False
1775630199.48863,2.9,17.4,idle,idle,idle,False
1775630199.538733,7.0,17.4,idle,idle,idle,False
1775630199.588859,4.3,17.4,idle,idle,idle,False
1775630199.6389625,4.3,17.4,idle,idle,idle,False
1775630199.689075,5.6,17.4,idle,idle,idle,False
1775630199.7391877,10.0,17.4,idle,idle,idle,False
1775630199.789367,5.7,17.4,idle,idle,idle,False
1775630199.8395395,5.8,17.4,idle,idle,idle,False
1775630199.8896563,8.2,17.4,idle,idle,idle,False
1775630199.9398062,5.7,17.4,idle,idle,idle,False
1775630199.989954,5.7,17.4,idle,idle,idle,False
1775630200.0401156,8.2,17.4,idle,idle,idle,False
1775630200.1136043,7.7,17.4,idle,idle,idle,False
1775630200.1638048,4.3,17.4,idle,idle,idle,False
1775630200.2139828,5.7,17.4,idle,idle,idle,False
1775630200.2640855,4.3,17.4,idle,idle,idle,False
1775630200.3141809,2.9,17.4,idle,idle,idle,False
1775630200.364279,5.7,17.4,idle,idle,idle,False
1775630200.4144151,5.6,17.4,idle,idle,idle,False
1775630200.4645295,6.8,17.4,idle,idle,idle,False
1775630200.5146008,5.6,17.4,idle,idle,idle,False
1775630200.564727,5.7,17.4,idle,idle,idle,False
1775630200.614882,5.6,17.4,idle,idle,idle,False
1775630200.6649587,4.3,17.4,idle,idle,idle,False
1775630200.7151113,5.6,17.4,idle,idle,idle,False
1775630200.7652566,5.6,17.4,idle,idle,idle,False
1775630200.8153858,2.9,17.4,idle,idle,idle,False
1775630200.865493,4.3,17.4,idle,idle,idle,False
1775630200.9156115,4.3,17.4,idle,idle,idle,False
1775630200.9657233,4.3,17.4,idle,idle,idle,False
1775630201.0158508,5.6,17.4,idle,idle,idle,False
1775630201.0659497,5.6,17.4,idle,idle,idle,False
1775630201.1160784,5.6,17.4,idle,idle,idle,False
1775630201.1661673,2.9,17.4,idle,idle,idle,False
1775630201.2162452,2.9,17.4,idle,idle,idle,False
1775630201.2663376,4.3,17.4,idle,idle,idle,False
1775630201.3164513,6.9,17.4,idle,idle,idle,False
1775630201.366668,4.2,17.4,idle,idle,idle,False
1775630201.4168007,2.9,17.4,idle,idle,idle,False
1775630201.4669278,4.3,17.4,idle,idle,idle,False
1775630201.5170555,6.9,17.4,idle,idle,idle,False
1775630201.5671844,4.3,17.4,idle,idle,idle,False
1775630201.6173751,4.3,17.4,idle,idle,idle,False
1775630201.66748,4.3,17.4,idle,idle,idle,False
1775630201.7175772,4.3,17.4,idle,idle,idle,False
1775630201.7677267,12.5,17.4,idle,idle,idle,False
1775630201.8178334,6.9,17.4,idle,idle,idle,False
1775630201.8679867,4.2,17.4,idle,idle,idle,False
1775630201.9180942,5.6,17.4,idle,idle,idle,False
1775630201.9682078,4.3,17.4,idle,idle,idle,False
1775630202.0183809,4.3,17.4,idle,idle,idle,False
1775630202.0685008,2.9,17.4,idle,idle,idle,False
1775630202.1185806,4.3,17.4,idle,idle,idle,False
1775630202.168701,2.9,17.4,idle,idle,idle,False
1775630202.218823,4.3,17.4,idle,idle,idle,False
1775630202.2689981,6.9,17.4,idle,idle,idle,False
1775630202.3191473,2.9,17.4,idle,idle,idle,False
1775630202.369244,5.6,17.4,idle,idle,idle,False
1775630202.4206455,4.2,17.4,idle,idle,idle,False
1775630202.470767,2.9,17.4,idle,idle,idle,False
1775630202.5209305,4.3,17.4,idle,idle,idle,False
1775630202.5709975,2.9,17.4,idle,idle,idle,False
1775630202.6211472,5.6,17.4,idle,idle,idle,False
1775630202.6713135,5.6,17.4,idle,idle,idle,False
1775630202.7214296,4.3,17.4,idle,idle,idle,False
1775630202.7715333,8.2,17.4,idle,idle,idle,False
1775630202.821659,1.5,17.4,idle,idle,idle,False
1775630202.871875,5.6,17.4,idle,idle,idle,False
1775630202.9221277,4.2,17.4,idle,idle,idle,False
1775630202.9722497,2.9,17.4,idle,idle,idle,False
1775630203.0223763,7.0,17.4,idle,idle,idle,False
1775630203.0725179,4.3,17.4,idle,idle,idle,False
1775630203.122685,5.6,17.4,idle,idle,idle,False
1775630203.1728525,5.6,17.4,idle,idle,idle,False
1775630203.2229977,4.3,17.4,idle,idle,idle,False
1775630203.2731597,4.3,17.4,idle,idle,idle,False
1775630203.3233054,5.7,17.5,idle,idle,idle,False
1775630203.3734632,4.3,17.5,idle,idle,idle,False
1775630203.4235778,2.9,17.5,idle,idle,idle,False
1775630203.473759,5.6,17.5,idle,idle,idle,False
1775630203.5239375,5.6,17.5,idle,idle,idle,False
1775630203.5740721,5.6,17.5,idle,idle,idle,False
1775630203.6242363,4.2,17.4,idle,idle,idle,False
1775630203.674338,5.7,17.4,idle,idle,idle,False
1775630203.72445,4.3,17.4,idle,idle,idle,False
1775630203.7748163,4.3,17.4,idle,idle,idle,False
1775630203.8248951,7.1,17.4,idle,idle,idle,False
1775630203.875007,2.9,17.4,idle,idle,idle,False
1775630203.9251716,5.6,17.4,idle,idle,idle,False
1775630203.97532,4.3,17.4,idle,idle,idle,False
1775630204.0254538,4.3,17.4,idle,idle,idle,False
1775630204.0756068,5.6,17.4,idle,idle,idle,False
1775630204.12571,5.6,17.4,idle,idle,idle,False
1775630204.1758423,2.9,17.4,idle,idle,idle,False
1775630204.2259626,5.6,17.4,idle,idle,idle,False
1775630204.2760754,5.6,17.4,idle,idle,idle,False
1775630204.3262284,5.6,17.4,idle,idle,idle,False
1775630204.3763795,5.6,17.4,idle,idle,idle,False
1775630204.4265184,5.6,17.4,idle,idle,idle,False
1775630204.4766037,2.9,17.4,idle,idle,idle,False
1775630204.526723,5.6,17.4,idle,idle,idle,False
1775630204.576896,7.1,17.4,idle,idle,idle,False
1775630204.6270652,5.7,17.4,idle,idle,idle,False
1775630204.6772459,8.1,17.4,idle,idle,idle,False
1775630204.7273464,2.9,17.4,idle,idle,idle,False
1775630204.777516,5.6,17.4,idle,idle,idle,False
1775630204.8276384,4.3,17.4,idle,idle,idle,False
1775630204.87779,5.6,17.4,idle,idle,idle,False
1775630204.927901,4.2,17.4,idle,idle,idle,False
1775630204.9780107,6.9,17.4,idle,idle,idle,False
1775630205.0281703,5.6,17.4,idle,idle,idle,False
1775630205.0782588,5.6,17.4,idle,idle,idle,False
1775630205.128455,2.9,17.4,idle,idle,idle,False
1775630205.1785657,4.3,17.4,idle,idle,idle,False
1775630205.2287295,4.3,17.4,idle,idle,idle,False
1775630205.2788234,5.6,17.4,idle,idle,idle,False
1775630205.3289468,1.5,17.4,idle,idle,idle,False
1775630205.379129,5.6,17.4,idle,idle,idle,False
1775630205.4292321,4.3,17.4,idle,idle,idle,False
1775630205.4793894,4.2,17.4,idle,idle,idle,False
1775630205.529672,6.9,17.4,idle,idle,idle,False
1775630205.6078558,6.5,17.5,idle,idle,idle,False
1775630205.6580904,5.6,17.5,idle,idle,idle,False
1775630205.70827,5.6,17.5,idle,idle,idle,False
1775630205.7584643,6.9,17.4,idle,idle,idle,False
1775630205.8085854,7.0,17.5,idle,idle,idle,False
1775630205.8586788,7.1,17.4,idle,idle,idle,False
1775630205.9088461,1.5,17.4,idle,idle,idle,False
1775630205.9589672,8.2,17.4,idle,idle,idle,False
1775630206.009131,2.9,17.4,idle,idle,idle,False
1775630206.0593035,5.6,17.4,idle,idle,idle,False
1775630206.109454,4.3,17.4,idle,idle,idle,False
1775630206.159563,4.2,17.4,idle,idle,idle,False
1775630206.2100146,2.9,17.4,idle,idle,idle,False
1775630206.2601757,4.3,17.4,idle,idle,idle,False
1775630206.3103857,4.2,17.4,idle,idle,idle,False
1775630206.3605168,5.6,17.4,idle,idle,idle,False
1775630206.4106252,2.9,17.4,idle,idle,idle,False
1775630206.4607925,5.6,17.4,idle,idle,idle,False
1775630206.5109296,4.3,17.4,idle,idle,idle,False
1775630206.5610976,2.9,17.4,idle,idle,idle,False
1775630206.6112251,5.6,17.4,idle,idle,idle,False
1775630206.6614742,2.9,17.4,idle,idle,idle,False
1775630206.711632,2.9,17.4,idle,idle,idle,False
1775630206.7618084,2.9,17.4,idle,idle,idle,False
1775630206.8119304,5.6,17.4,idle,idle,idle,False
1775630206.8621573,4.3,17.4,idle,idle,idle,False
1775630206.9124038,5.6,17.4,idle,idle,idle,False
1775630206.962627,4.2,17.4,idle,idle,idle,False
1775630207.012773,4.3,17.4,idle,idle,idle,False
1775630207.0630705,4.3,17.4,idle,idle,idle,False
1775630207.113228,4.3,17.4,idle,idle,idle,False
1775630207.163377,4.3,17.4,idle,idle,idle,False
1775630207.213572,5.6,17.4,idle,idle,idle,False
1775630207.2637432,4.3,17.4,idle,idle,idle,False
1775630207.313938,2.9,17.4,idle,idle,idle,False
1775630207.3640976,4.3,17.4,idle,idle,idle,False
1775630207.4142985,5.6,17.4,idle,idle,idle,False
1775630207.4645703,4.3,17.4,idle,idle,idle,False
1775630207.5146637,2.9,17.4,idle,idle,idle,False
1775630207.5647907,4.2,17.4,idle,idle,idle,False
1775630207.615007,5.6,17.4,idle,idle,idle,False
1775630207.6651413,5.6,17.4,idle,idle,idle,False
1775630207.715293,5.7,17.4,idle,idle,idle,False
1775630207.7654688,1.4,17.4,idle,idle,idle,False
1775630207.8156106,5.6,17.4,idle,idle,idle,False
1775630207.8657563,10.0,17.4,idle,idle,idle,False
1775630207.9159384,4.3,17.4,idle,idle,idle,False
1775630207.9665868,6.9,17.4,idle,idle,idle,False
1775630208.0168283,1.5,17.4,idle,idle,idle,False
1775630208.0669844,8.5,17.4,idle,idle,idle,False
1775630208.1171203,7.0,17.4,idle,idle,idle,False
1775630208.1672819,6.9,17.4,idle,idle,idle,False
1775630208.217434,7.0,17.4,idle,idle,idle,False
1775630208.2675712,5.7,17.4,idle,idle,idle,False
1775630208.3177226,5.8,17.4,idle,idle,idle,False
1775630208.367837,5.8,17.4,idle,idle,idle,False
1775630208.4180722,7.1,17.4,idle,idle,idle,False
1775630208.4682145,5.7,17.4,idle,idle,idle,False
1775630208.5183916,8.3,17.4,idle,idle,idle,False
1775630208.568531,5.8,17.4,idle,idle,idle,False
1775630208.6186867,6.9,17.4,idle,idle,idle,False
1775630208.6688924,5.7,17.4,idle,idle,idle,False
1775630208.7196062,6.9,17.4,idle,idle,idle,False
1775630208.7698061,5.7,17.4,idle,idle,idle,False
1775630208.8199975,4.3,17.4,idle,idle,idle,False
1775630208.8701205,4.3,17.4,idle,idle,idle,False
1775630208.9202802,4.3,17.4,idle,idle,idle,False
1775630208.9704766,4.3,17.4,idle,idle,idle,False
1775630209.0206337,5.6,17.4,idle,idle,idle,False
1775630209.0707886,4.3,17.4,idle,idle,idle,False
1775630209.121017,4.3,17.4,idle,idle,idle,False
1775630209.171178,4.3,17.4,idle,idle,idle,False
1775630209.2213378,9.6,17.4,idle,idle,idle,False
1775630209.2714765,5.7,17.4,idle,idle,idle,False
1775630209.3215542,2.9,17.4,idle,idle,idle,False
1775630209.3717484,4.3,17.4,idle,idle,idle,False
1775630209.4218576,5.7,17.4,idle,idle,idle,False
1775630209.472036,6.9,17.4,idle,idle,idle,False
1775630209.522148,5.7,17.4,idle,idle,idle,False
1775630209.5722895,12.3,17.4,idle,idle,idle,False
1775630209.6225767,8.2,17.4,idle,idle,idle,False
1775630209.6726995,8.3,17.4,idle,idle,idle,False
1775630209.7228234,7.0,17.4,idle,idle,idle,False
1775630209.7729895,5.8,17.4,idle,idle,idle,False
1775630209.8231013,6.9,17.4,idle,idle,idle,False
1775630209.873257,5.8,17.4,idle,idle,idle,False
1775630209.923378,12.7,17.4,idle,idle,idle,False
1775630209.9735436,4.2,17.4,idle,idle,idle,False
1775630210.0236938,7.0,17.4,idle,idle,idle,False
1775630210.073868,2.9,17.4,idle,idle,idle,False
1775630210.1240122,5.6,17.4,idle,idle,idle,False
1775630210.1741898,8.2,17.4,idle,idle,idle,False
1775630210.2243392,4.3,17.4,idle,idle,idle,False
1775630210.2746067,6.8,17.4,idle,idle,idle,False
1775630210.3247502,1.5,17.4,idle,idle,idle,False
1775630210.3749197,4.2,17.4,idle,idle,idle,False
1775630210.425119,5.6,17.4,idle,idle,idle,False
1775630210.4753125,5.6,17.4,idle,idle,idle,False
1775630210.525458,4.3,17.5,idle,idle,idle,False
1775630210.5756419,9.6,17.4,idle,idle,idle,False
1775630210.6257648,9.6,17.4,idle,idle,idle,False
1775630210.6759048,4.3,17.4,idle,idle,idle,False
1775630210.7261062,2.9,17.5,idle,idle,idle,False
1775630210.776321,4.3,17.5,idle,idle,idle,False
1775630210.826447,5.7,17.4,idle,idle,idle,False
1775630210.8766198,4.3,17.4,idle,idle,idle,False
1775630210.926744,6.9,17.5,idle,idle,idle,False
1775630210.9981775,4.1,17.5,idle,idle,idle,False
1775630211.0483277,5.7,17.5,idle,idle,idle,False
1775630211.0984473,6.9,17.5,idle,idle,idle,False
1775630211.1485624,5.6,17.4,idle,idle,idle,False
1775630211.19867,4.3,17.4,idle,idle,idle,False
1775630211.2488463,1.5,17.4,idle,idle,idle,False
1775630211.2989676,5.6,17.4,idle,idle,idle,False
1775630211.3491032,4.2,17.4,idle,idle,idle,False
1775630211.3991933,2.9,17.4,idle,idle,idle,False
1775630211.4493346,1.5,17.4,idle,idle,idle,False
1775630211.4994824,5.6,17.4,idle,idle,idle,False
1775630211.549655,8.2,17.4,idle,idle,idle,False
1775630211.5998173,8.3,17.4,idle,idle,idle,False
1775630211.649928,4.3,17.4,idle,idle,idle,False
1775630211.7000692,7.0,17.4,idle,idle,idle,False
1775630211.7501526,8.3,17.5,idle,idle,idle,False
1775630211.800345,7.0,17.4,idle,idle,idle,False
1775630211.8505135,7.0,17.5,idle,idle,idle,False
1775630211.900666,7.0,17.5,idle,idle,idle,False
1775630211.950803,11.4,17.4,idle,idle,idle,False
1775630212.000945,6.9,17.4,idle,idle,idle,False
1775630212.0510726,5.7,17.4,idle,idle,idle,False
1775630212.1011865,5.7,17.4,idle,idle,idle,False
1775630212.1512759,8.3,17.4,idle,idle,idle,False
1775630212.2014158,5.7,17.4,idle,idle,idle,False
1775630212.251541,4.3,17.4,idle,idle,idle,False
1775630212.3018248,5.6,17.4,idle,idle,idle,False
1775630212.3519666,5.7,17.4,idle,idle,idle,False
1775630212.402126,1.5,17.4,idle,idle,idle,False
1775630212.4522471,2.9,17.4,idle,idle,idle,False
1775630212.5023437,5.6,17.4,idle,idle,idle,False
1775630212.5524669,5.6,17.4,idle,idle,idle,False
1775630212.6026018,4.3,17.4,idle,idle,idle,False
1775630212.6527,1.5,17.4,idle,idle,idle,False
1775630212.7028275,4.3,17.4,idle,idle,idle,False
1775630212.7529755,2.9,17.4,idle,idle,idle,False
1775630212.8031366,4.2,17.4,idle,idle,idle,False
1775630212.8532605,4.3,17.4,idle,idle,idle,False
1775630212.903338,4.3,17.4,idle,idle,idle,False
1775630212.9534984,4.3,17.4,idle,idle,idle,False
1775630213.0038254,5.7,17.4,idle,idle,idle,False
1775630213.0540254,7.0,17.4,idle,idle,idle,False
1775630213.104151,5.8,17.4,idle,idle,idle,False
1775630213.1543136,6.9,17.4,idle,idle,idle,False
1775630213.2044609,5.6,17.4,idle,idle,idle,False
1775630213.254603,5.7,17.4,idle,idle,idle,False
1775630213.3047562,7.0,17.4,idle,idle,idle,False
1775630213.3548682,8.2,17.4,idle,idle,idle,False
1775630213.4050052,4.3,17.4,idle,idle,idle,False
1775630213.455121,5.7,17.4,idle,idle,idle,False
1775630213.5052621,2.9,17.4,idle,idle,idle,False
1775630213.555442,9.5,17.4,idle,idle,idle,False
1775630213.6056495,4.3,17.4,idle,idle,idle,False
1775630213.6557696,6.9,17.4,idle,idle,idle,False
1775630213.7059054,4.3,17.4,idle,idle,idle,False
1775630213.756075,2.9,17.4,idle,idle,idle,False
1775630213.8061936,8.2,17.4,idle,idle,idle,False
1775630213.8563757,4.3,17.4,idle,idle,idle,False
1775630213.9064946,6.9,17.4,idle,idle,idle,False
1775630213.9565995,5.7,17.4,idle,idle,idle,False
1775630214.0067623,11.0,17.4,idle,idle,idle,False
1775630214.0568976,5.6,17.4,idle,idle,idle,False
1775630214.1070044,4.3,17.4,idle,idle,idle,False
1775630214.157143,4.3,17.4,idle,idle,idle,False
1775630214.207316,2.9,17.4,idle,idle,idle,False
1775630214.2574584,5.6,17.4,idle,idle,idle,False
1775630214.3075922,5.6,17.4,idle,idle,idle,False
1775630214.357864,6.9,17.4,idle,idle,idle,False
1775630214.408043,5.6,17.4,idle,idle,idle,False
1775630214.4581766,4.2,17.4,idle,idle,idle,False
1775630214.5083132,5.7,17.4,idle,idle,idle,False
1775630214.5584435,7.0,17.4,idle,idle,idle,False
1775630214.6086335,4.3,17.4,idle,idle,idle,False
1775630214.6588147,4.2,17.4,idle,idle,idle,False
1775630214.7090592,2.9,17.4,idle,idle,idle,False
1775630214.7591953,6.9,17.4,idle,idle,idle,False
1775630214.8093824,5.6,17.4,idle,idle,idle,False
1775630214.8595264,2.9,17.4,idle,idle,idle,False
1775630214.9096873,4.3,17.4,idle,idle,idle,False
1775630214.959799,5.7,17.4,idle,idle,idle,False
1775630215.0099366,2.9,17.4,idle,idle,idle,False
1775630215.0600984,5.7,17.4,idle,idle,idle,False
1775630215.1102116,4.3,17.4,idle,idle,idle,False
1775630215.1603758,4.2,17.4,idle,idle,idle,False
1775630215.2104998,8.3,17.4,idle,idle,idle,False
1775630215.2606347,5.6,17.4,idle,idle,idle,False
1775630215.3107169,7.0,17.4,idle,idle,idle,False
1775630215.3608437,4.3,17.4,idle,idle,idle,False
1775630215.4109814,5.6,17.5,idle,idle,idle,False
1775630215.4611175,8.5,17.4,idle,idle,idle,False
1775630215.5112967,5.7,17.4,idle,idle,idle,False
1775630215.561449,4.3,17.4,idle,idle,idle,False
1775630215.6115837,7.1,17.4,idle,idle,idle,False
1775630215.6617517,4.3,17.4,idle,idle,idle,False
1775630215.7118778,5.6,17.4,idle,idle,idle,False
1775630215.7621686,6.9,17.4,idle,idle,idle,False
1775630215.812344,5.7,17.4,idle,idle,idle,False
1775630215.862491,8.2,17.4,idle,idle,idle,False
1775630215.9127016,4.3,17.4,idle,idle,idle,False
1775630215.9628,6.9,17.4,idle,idle,idle,False
1775630216.012949,8.6,17.4,idle,idle,idle,False
1775630216.0632546,8.5,17.4,idle,idle,idle,False
1775630216.1133955,5.7,17.4,idle,idle,idle,False
1775630216.1658034,2.8,17.4,idle,idle,idle,False
1775630216.2183256,5.6,17.4,idle,idle,idle,False
1775630216.2686834,8.3,17.4,idle,idle,idle,False
1775630216.3187509,8.3,17.4,idle,idle,idle,False
1775630216.368887,4.3,17.4,idle,idle,idle,False
1775630216.4190464,5.6,17.4,idle,idle,idle,False
1775630216.4691937,5.7,17.4,idle,idle,idle,False
1775630216.519373,4.2,17.4,idle,idle,idle,False
1775630216.5695558,2.9,17.4,idle,idle,idle,False
1775630216.6197171,5.6,17.4,idle,idle,idle,False
1775630216.6698573,4.3,17.4,idle,idle,idle,False
1775630216.7199876,4.2,17.4,idle,idle,idle,False
1775630216.7701063,5.7,17.4,idle,idle,idle,False
1775630216.8202467,2.9,17.4,idle,idle,idle,False
1775630216.8703375,5.6,17.4,idle,idle,idle,False
1775630216.9204857,4.3,17.4,idle,idle,idle,False
1775630216.9707181,6.9,17.4,idle,idle,idle,False
1775630217.0366702,6.6,17.4,idle,idle,idle,False
1775630217.0867908,7.0,17.4,idle,idle,idle,False
1775630217.1369991,5.7,17.4,idle,idle,idle,False
1775630217.1871305,9.6,17.4,idle,idle,idle,False
1775630217.2372954,4.3,17.4,idle,idle,idle,False
1775630217.2874596,2.9,17.4,idle,idle,idle,False
1775630217.337625,4.3,17.4,idle,idle,idle,False
1775630217.3877544,4.3,17.4,idle,idle,idle,False
1775630217.437882,6.9,17.4,idle,idle,idle,False
1775630217.488047,4.3,17.4,idle,idle,idle,False
1775630217.5381668,5.6,17.4,idle,idle,idle,False
1775630217.5883718,4.3,17.4,idle,idle,idle,False
1775630217.6384957,5.6,17.4,idle,idle,idle,False
1775630217.688621,2.9,17.4,idle,idle,idle,False
1775630217.738733,5.6,17.4,idle,idle,idle,False
1775630217.788889,2.9,17.4,idle,idle,idle,False
1775630217.8390133,4.3,17.4,idle,idle,idle,False
1775630217.8891623,2.9,17.5,idle,idle,idle,False
1775630217.9393172,6.9,17.5,idle,idle,idle,False
1775630217.989449,5.6,17.5,idle,idle,idle,False
1775630218.039618,8.5,17.5,idle,idle,idle,False
1775630218.089877,9.9,17.5,idle,idle,idle,False
1775630218.140049,7.0,17.5,idle,idle,idle,False
1775630218.1903508,4.3,17.5,idle,idle,idle,False
1775630218.2406142,4.3,17.5,idle,idle,idle,False
1775630218.290884,2.9,17.5,idle,idle,idle,False
1775630218.3411212,4.3,17.5,idle,idle,idle,False
1775630218.3912706,4.3,17.5,idle,idle,idle,False
1775630218.4415293,5.6,17.5,idle,idle,idle,False
1775630218.4916923,5.6,17.4,idle,idle,idle,False
1775630218.5419683,1.5,17.5,idle,idle,idle,False
1775630218.5927494,5.6,17.5,idle,idle,idle,False
1775630218.6428347,5.6,17.5,idle,idle,idle,False
1775630218.693073,2.9,17.5,idle,idle,idle,False
1775630218.7432175,4.3,17.5,idle,idle,idle,False
1775630218.7934957,4.2,17.4,idle,idle,idle,False
1775630218.8436608,1.5,17.4,idle,idle,idle,False
1775630218.8939157,2.9,17.4,idle,idle,idle,False
1775630218.9442565,4.3,17.4,idle,idle,idle,False
1775630218.9946003,2.9,17.4,idle,idle,idle,False
1775630219.0450017,4.3,17.4,idle,idle,idle,False
1775630219.095174,5.6,17.4,idle,idle,idle,False
1775630219.145433,1.5,17.4,idle,idle,idle,False
1775630219.1955707,5.6,17.4,idle,idle,idle,False
1775630219.2458372,6.9,17.4,idle,idle,idle,False
1775630219.296002,4.3,17.4,idle,idle,idle,False
1775630219.3462524,5.6,17.4,idle,idle,idle,False
1775630219.396439,4.3,17.4,idle,idle,idle,False
1775630219.4468212,4.3,17.4,idle,idle,idle,False
1775630219.4970233,5.6,17.4,idle,idle,idle,False
1775630219.5471787,7.0,17.5,idle,idle,idle,False
1775630219.5974274,5.6,17.4,idle,idle,idle,False
1775630219.6476123,4.3,17.4,idle,idle,idle,False
1775630219.6978662,5.6,17.4,idle,idle,idle,False
1775630219.7480478,6.9,17.4,idle,idle,idle,False
1775630219.7983074,4.3,17.5,idle,idle,idle,False
1775630219.8485177,4.3,17.5,idle,idle,idle,False
1775630219.898766,4.3,17.4,idle,idle,idle,False
1775630219.9489994,4.3,17.4,idle,idle,idle,False
1775630219.999153,4.3,17.4,idle,idle,idle,False
1775630220.0493836,5.6,17.4,idle,idle,idle,False
1775630220.0995343,5.9,17.5,idle,idle,idle,False
1775630220.1497679,9.5,17.5,idle,idle,idle,False
1775630220.1999125,5.6,17.4,idle,idle,idle,False
1775630220.2502074,4.3,17.5,idle,idle,idle,False
1775630220.300399,5.6,17.5,idle,idle,idle,False
1775630220.3507001,5.6,17.4,idle,idle,idle,False
1775630220.4009087,2.9,17.4,idle,idle,idle,False
1775630220.4511824,4.2,17.4,idle,idle,idle,False
1775630220.5015945,5.6,17.4,idle,idle,idle,False
1775630220.55177,5.6,17.4,idle,idle,idle,False
1775630220.6020248,5.7,17.4,idle,idle,idle,False
1775630220.652227,2.9,17.4,idle,idle,idle,False
1775630220.7025747,6.9,17.4,idle,idle,idle,False
1775630220.7527652,5.6,17.4,idle,idle,idle,False
1775630220.8028898,5.6,17.4,idle,idle,idle,False
1775630220.8532102,4.2,17.4,idle,idle,idle,False
1775630220.9033403,4.3,17.4,idle,idle,idle,False
1775630220.9535918,5.6,17.4,idle,idle,idle,False
1775630221.0039463,5.6,17.4,idle,idle,idle,False
1775630221.054209,2.9,17.4,idle,idle,idle,False
1775630221.10437,4.3,17.4,idle,idle,idle,False
1775630221.1546516,4.2,17.4,idle,idle,idle,False
1775630221.2048254,5.7,17.4,idle,idle,idle,False
1775630221.254951,4.3,17.4,idle,idle,idle,False
1775630221.3051832,4.2,17.4,idle,idle,idle,False
1775630221.3553238,5.6,17.4,idle,idle,idle,False
1775630221.405548,2.9,17.4,idle,idle,idle,False
1775630221.4556863,5.6,17.4,idle,idle,idle,False
1775630221.505995,5.6,17.4,idle,idle,idle,False
1775630221.5562165,1.5,17.4,idle,idle,idle,False
1775630221.6065843,4.3,17.4,idle,idle,idle,False
1775630221.6568224,4.2,17.4,idle,idle,idle,False
1775630221.7069318,4.3,17.4,idle,idle,idle,False
1775630221.7731667,5.4,17.4,idle,idle,idle,False
1775630221.8234112,7.0,17.4,idle,idle,idle,False
1775630221.8782985,4.1,17.4,idle,idle,idle,False
1775630221.9308991,8.0,17.4,idle,idle,idle,False
1775630221.9813268,9.7,17.4,idle,idle,idle,False
1775630222.0359523,9.0,17.4,idle,idle,idle,False
1775630222.0863771,6.9,17.4,idle,idle,idle,False
1775630222.1365492,10.0,17.5,idle,idle,idle,False
1775630222.1868067,11.1,17.4,idle,idle,idle,False
1775630222.2371156,4.3,17.4,idle,idle,idle,False
1775630222.287294,4.3,17.4,idle,idle,idle,False
1775630222.3375154,4.3,17.4,idle,idle,idle,False
1775630222.387669,5.7,17.4,idle,idle,idle,False
1775630222.4380274,4.3,17.4,idle,idle,idle,False
1775630222.4882147,7.0,17.4,idle,idle,idle,False
1775630222.5386248,9.6,17.4,idle,idle,idle,False
1775630222.5891626,4.2,17.4,idle,idle,idle,False
1775630222.6393135,5.6,17.4,idle,idle,idle,False
1775630222.689672,2.9,17.4,idle,idle,idle,False
1775630222.7399015,4.3,17.4,idle,idle,idle,False
1775630222.7902045,1.5,17.4,idle,idle,idle,False
1775630222.8687806,5.5,17.4,idle,idle,idle,False
1775630222.9189522,8.3,17.4,idle,idle,idle,False
1775630222.969221,2.9,17.4,idle,idle,idle,False
1775630223.0193713,5.7,17.4,idle,idle,idle,False
1775630223.0697155,5.6,17.4,idle,idle,idle,False
1775630223.1199136,2.9,17.4,idle,idle,idle,False
1775630223.1702485,2.9,17.4,idle,idle,idle,False
1775630223.220452,4.3,17.4,idle,idle,idle,False
1775630223.2709227,2.9,17.4,idle,idle,idle,False
1775630223.321156,1.5,17.4,idle,idle,idle,False
1775630223.3712916,5.7,17.4,idle,idle,idle,False
1775630223.4215944,8.3,17.4,idle,idle,idle,False
1775630223.4717617,4.2,17.4,idle,idle,idle,False
1775630223.5219703,1.5,17.4,idle,idle,idle,False
1775630223.5721161,4.3,17.4,idle,idle,idle,False
1775630223.6223397,5.6,17.4,idle,idle,idle,False
1775630223.6725428,2.9,17.5,idle,idle,idle,False
1775630223.7228105,4.3,17.5,idle,idle,idle,False
1775630223.772985,4.3,17.5,idle,idle,idle,False
1775630223.8232603,4.2,17.5,idle,idle,idle,False
1775630223.873465,5.6,17.5,idle,idle,idle,False
1775630223.9236374,5.6,17.5,idle,idle,idle,False
1775630223.9738457,2.9,17.5,idle,idle,idle,False
1775630224.0240433,4.2,17.5,idle,idle,idle,False
1775630224.0742822,4.3,17.5,idle,idle,idle,False
1775630224.124581,2.9,17.5,idle,idle,idle,False
1775630224.174737,5.6,17.5,idle,idle,idle,False
1775630224.2378228,14.6,17.5,idle,idle,idle,False
1775630224.2928708,12.7,17.5,idle,idle,idle,False
1775630224.3430176,5.6,17.5,idle,idle,idle,False
1775630224.393219,2.9,17.5,idle,idle,idle,False
1775630224.4433758,11.3,17.5,idle,idle,idle,False
1775630224.4935563,2.9,17.5,idle,idle,idle,False
1775630224.5436976,7.0,17.4,idle,idle,idle,False
1775630224.5938866,5.8,17.4,idle,idle,idle,False
1775630224.6440291,7.0,17.4,idle,idle,idle,False
1775630224.6941638,4.3,17.4,idle,idle,idle,False
1775630224.745192,6.9,17.5,idle,idle,idle,False
1775630224.795671,7.0,17.5,idle,idle,idle,False
1775630224.845892,7.0,17.5,idle,idle,idle,False
1775630224.8960743,4.3,17.4,idle,idle,idle,False
1775630224.946247,7.0,17.4,idle,idle,idle,False
1775630224.9964092,6.9,17.4,idle,idle,idle,False
1775630225.0466728,5.7,17.5,idle,idle,idle,False
1775630225.0968657,2.9,17.4,idle,idle,idle,False
1775630225.1470249,2.9,17.5,idle,idle,idle,False
1775630225.1973708,1.5,17.5,idle,idle,idle,False
1775630225.24751,4.3,17.5,idle,idle,idle,False
1775630225.2978377,5.6,17.5,idle,idle,idle,False
1775630225.3479872,4.3,17.5,idle,idle,idle,False
1775630225.3981433,4.3,17.5,idle,idle,idle,False
1775630225.4482887,5.6,17.5,idle,idle,idle,False
1775630225.4985511,2.9,17.5,idle,idle,idle,False
1775630225.5486722,6.9,17.5,idle,idle,idle,False
1775630225.5988214,7.0,17.4,idle,idle,idle,False
1775630225.6489627,1.5,17.4,idle,idle,idle,False
1775630225.6992679,4.2,17.4,idle,idle,idle,False
1775630225.7494864,4.2,17.5,idle,idle,idle,False
1775630225.7998307,2.9,17.4,idle,idle,idle,False
1775630225.8500373,5.6,17.4,idle,idle,idle,False
1775630225.900183,4.2,17.4,idle,idle,idle,False
1775630225.9504158,4.3,17.4,idle,idle,idle,False
1775630226.0006669,2.9,17.4,idle,idle,idle,False
1775630226.0508606,6.8,17.4,idle,idle,idle,False
1775630226.101065,6.9,17.4,idle,idle,idle,False
1775630226.151356,5.8,17.4,idle,idle,idle,False
1775630226.2040339,6.8,17.4,idle,idle,idle,False
1775630226.254242,7.0,17.4,idle,idle,idle,False
1775630226.3043547,13.3,17.4,idle,idle,idle,False
1775630226.3544655,6.0,17.4,idle,idle,idle,False
1775630226.4046378,5.6,17.4,idle,idle,idle,False
1775630226.454818,7.1,17.4,idle,idle,idle,False
1775630226.5049996,8.2,17.4,idle,idle,idle,False
1775630226.5551286,4.4,17.4,idle,idle,idle,False
1775630226.605271,7.0,17.4,idle,idle,idle,False
1775630226.655398,5.6,17.4,idle,idle,idle,False
1775630226.7056098,4.3,17.4,idle,idle,idle,False
1775630226.7558084,5.6,17.4,idle,idle,idle,False
1775630226.8060048,2.9,17.4,idle,idle,idle,False
1775630226.8562262,5.6,17.4,idle,idle,idle,False
1775630226.9064279,5.6,17.4,idle,idle,idle,False
1775630226.9568093,4.3,17.4,idle,idle,idle,False
1775630227.0070558,2.9,17.4,idle,idle,idle,False
1775630227.0572317,4.3,17.4,idle,idle,idle,False
1775630227.1073575,5.6,17.4,idle,idle,idle,False
1775630227.1575692,4.2,17.4,idle,idle,idle,False
1775630227.207734,5.6,17.4,idle,idle,idle,False
1775630227.257917,4.3,17.4,idle,idle,idle,False
1775630227.3080528,4.3,17.4,idle,idle,idle,False
1775630227.3582475,4.3,17.4,idle,idle,idle,False
1775630227.4083953,4.3,17.4,idle,idle,idle,False
1775630227.4586856,4.2,17.4,idle,idle,idle,False
1775630227.5088377,4.3,17.4,idle,idle,idle,False
1775630227.5589724,5.7,17.4,idle,idle,idle,False
1775630227.609101,4.3,17.4,idle,idle,idle,False
1775630227.6592627,5.7,17.4,idle,idle,idle,False
1775630227.7093947,6.9,17.4,idle,idle,idle,False
1775630227.7596056,4.3,17.4,idle,idle,idle,False
1775630227.8098712,2.9,17.4,idle,idle,idle,False
1775630227.8600802,5.6,17.4,idle,idle,idle,False
1775630227.9102306,4.3,17.4,idle,idle,idle,False
1775630227.9603963,5.6,17.4,idle,idle,idle,False
1775630228.0106113,4.3,17.4,idle,idle,idle,False
1775630228.0607421,1.5,17.4,idle,idle,idle,False
1775630228.1108727,2.9,17.4,idle,idle,idle,False
1775630228.1609938,2.9,17.4,idle,idle,idle,False
1775630228.211116,6.9,17.4,idle,idle,idle,False
1775630228.2612858,4.3,17.4,idle,idle,idle,False
1775630228.3114321,5.6,17.4,idle,idle,idle,False
1775630228.361595,7.2,17.5,idle,idle,idle,False
1775630228.4117346,12.2,17.4,idle,idle,idle,False
1775630228.4618433,4.3,17.4,idle,idle,idle,False
1775630228.5146372,5.5,17.4,idle,idle,idle,False
1775630228.564772,5.7,17.4,idle,idle,idle,False
1775630228.6149197,4.3,17.4,idle,idle,idle,False
1775630228.6651285,5.6,17.4,idle,idle,idle,False
1775630228.715268,1.5,17.4,idle,idle,idle,False
1775630228.7654254,6.9,17.4,idle,idle,idle,False
1775630228.8156307,4.3,17.4,idle,idle,idle,False
1775630228.865832,2.9,17.4,idle,idle,idle,False
1775630228.9160283,4.3,17.4,idle,idle,idle,False
1775630228.9661863,2.9,17.4,idle,idle,idle,False
1775630229.0163426,5.6,17.4,idle,idle,idle,False
1775630229.066566,4.3,17.4,idle,idle,idle,False
1775630229.1167185,5.6,17.4,idle,idle,idle,False
1775630229.180273,7.9,17.4,idle,idle,idle,False
1775630229.2303889,7.1,17.4,idle,idle,idle,False
1775630229.2805426,5.7,17.4,idle,idle,idle,False
1775630229.330656,7.1,17.4,idle,idle,idle,False
1775630229.3808248,6.9,17.4,idle,idle,idle,False
1775630229.4309747,4.4,17.4,idle,idle,idle,False
1775630229.4810843,4.3,17.4,idle,idle,idle,False
1775630229.53121,12.2,17.4,idle,idle,idle,False
1775630229.5813825,8.6,17.5,idle,idle,idle,False
1775630229.6315799,4.3,17.5,idle,idle,idle,False
1775630229.6833568,8.2,17.5,idle,idle,idle,False
1775630229.7451177,9.1,17.5,idle,idle,idle,False
1775630229.79749,6.8,17.5,idle,idle,idle,False
1775630229.8477046,7.0,17.5,idle,idle,idle,False
1775630229.8979297,8.2,17.5,idle,idle,idle,False
1775630229.9480639,5.7,17.5,idle,idle,idle,False
1775630229.998454,8.3,17.5,idle,idle,idle,False
1775630230.0486422,6.9,17.5,idle,idle,idle,False
